{
  "isolation_forest": {
    "p1": -0.6290496160964124,
    "p99": -0.3502758022623036
  },
  "autoencoder": {
    "score_min": 0.00019675801740959287,
    "score_max": 0.10324154794216156
  },
  "one_class_svm": {
    "score_min": -4.051191572384214,
    "score_max": 3.367048156993987
  }
}