{
  "mean": [
    9.954556738365387,
    11581823.81364174,
    1.5124757475147068,
    1.3227077992716079,
    3.7054967170521955,
    3.6454036124644107,
    3.0824066693307124,
    18.05671646150027,
    46.948554754932616,
    1.2499439223641848,
    3.052668309095448,
    1.8452973732980542,
    2.7898993238784313,
    1.0457356814012995,
    6.98410979929031,
    103799.04687118395,
    361418.9622004501,
    1034839.6439817483,
    4641414.43280618,
    1.3683624626001523,
    11255098.12272017,
    512358.65923618176,
    1259526.5794782515,
    4461496.692191995,
    0.9154528968793516,
    4.146959575675998,
    3.5163806400370303,
    3.0422369318299407,
    3.968878481178887,
    0.8498103061350907,
    4.141167710199623,
    3.6294501500364333,
    98279.29769456947,
    3.5023743485841576,
    16.372176224062148,
    3.5736316341664547,
    82.03661527496939,
    2.578646142673006,
    5.083531147304826,
    0.41228954016442515,
    0.9748251339787678,
    91.30119436007904,
    46.948554754932616,
    2.7898993238784313,
    1.5124757475147068,
    3.705496725662914,
    1.3227077992716079,
    3.645403614250457,
    4.430659739976701,
    2.685082939165386,
    0.8781395640927977,
    3.050899699140124,
    1.5288886350963657,
    4311769.847563557
  ],
  "scale": [
    5.442623617897331,
    31963300.310631208,
    0.9322303197707104,
    1.0404123925809614,
    2.654636196730427,
    3.2665848394193535,
    2.1922418301990763,
    52.193246798469424,
    102.18020185883837,
    2.103018712573075,
    2.690023652975754,
    2.108996946557588,
    2.348983461202771,
    2.2610925458877613,
    4.706220958238336,
    394445.8418155383,
    1237115.2490689773,
    3056154.056780444,
    14056300.464013878,
    2.1324400531238963,
    31977504.804081433,
    1618745.1285830385,
    3845614.742419367,
    14034471.801839124,
    1.1509331799576525,
    6.152761422170256,
    5.017864895348329,
    5.68694292655548,
    5.822448497370791,
    0.6616995350886374,
    1.685702242621831,
    2.2600410867456966,
    384356.0340397889,
    2.8939747014934785,
    26.194102482640986,
    2.4904099338416437,
    165.13074755304095,
    2.151676162715104,
    4.316368858460942,
    0.49224676254456906,
    0.9907104813919424,
    173.4320375937355,
    102.18020185883837,
    2.348983461202771,
    0.9322303197707104,
    2.6546361965251375,
    1.0404123925809614,
    3.2665848346137794,
    4.414921799902215,
    3.9602509011762868,
    0.9681345527408115,
    1.1533977065335284,
    3.96279409534002,
    13879201.374204166
  ],
  "feature_names": [
    "Protocol",
    "Flow Duration",
    "Total Fwd Packets",
    "Total Backward Packets",
    "Fwd Packets Length Total",
    "Bwd Packets Length Total",
    "Fwd Packet Length Max",
    "Fwd Packet Length Min",
    "Fwd Packet Length Mean",
    "Fwd Packet Length Std",
    "Bwd Packet Length Max",
    "Bwd Packet Length Min",
    "Bwd Packet Length Mean",
    "Bwd Packet Length Std",
    "Flow Bytes/s",
    "Flow Packets/s",
    "Flow IAT Mean",
    "Flow IAT Std",
    "Flow IAT Max",
    "Flow IAT Min",
    "Fwd IAT Total",
    "Fwd IAT Mean",
    "Fwd IAT Std",
    "Fwd IAT Max",
    "Fwd IAT Min",
    "Bwd IAT Total",
    "Bwd IAT Mean",
    "Bwd IAT Std",
    "Bwd IAT Max",
    "Bwd IAT Min",
    "Fwd Header Length",
    "Bwd Header Length",
    "Fwd Packets/s",
    "Bwd Packets/s",
    "Packet Length Min",
    "Packet Length Max",
    "Packet Length Mean",
    "Packet Length Std",
    "Packet Length Variance",
    "URG Flag Count",
    "Down/Up Ratio",
    "Avg Packet Size",
    "Avg Fwd Segment Size",
    "Avg Bwd Segment Size",
    "Subflow Fwd Packets",
    "Subflow Fwd Bytes",
    "Subflow Bwd Packets",
    "Subflow Bwd Bytes",
    "Init Fwd Win Bytes",
    "Init Bwd Win Bytes",
    "Fwd Act Data Packets",
    "Fwd Seg Size Min",
    "Active Min",
    "Idle Max"
  ],
  "n_features": 54,
  "log_transformed_columns": [
    "Total Fwd Packets",
    "Total Backward Packets",
    "Fwd Packets Length Total",
    "Bwd Packets Length Total",
    "Fwd Packet Length Max",
    "Fwd Packet Length Std",
    "Bwd Packet Length Max",
    "Bwd Packet Length Min",
    "Bwd Packet Length Mean",
    "Bwd Packet Length Std",
    "Flow Bytes/s",
    "Flow IAT Min",
    "Fwd IAT Min",
    "Bwd IAT Total",
    "Bwd IAT Mean",
    "Bwd IAT Std",
    "Bwd IAT Max",
    "Bwd IAT Min",
    "Fwd PSH Flags",
    "Fwd Header Length",
    "Bwd Header Length",
    "Bwd Packets/s",
    "Packet Length Max",
    "Packet Length Std",
    "Packet Length Variance",
    "SYN Flag Count",
    "RST Flag Count",
    "Avg Bwd Segment Size",
    "Subflow Fwd Packets",
    "Subflow Fwd Bytes",
    "Subflow Bwd Packets",
    "Subflow Bwd Bytes",
    "Init Fwd Win Bytes",
    "Init Bwd Win Bytes",
    "Fwd Act Data Packets",
    "Fwd Seg Size Min",
    "Active Mean",
    "Active Std",
    "Active Max",
    "Active Min",
    "Idle Std",
    "Idle Min"
  ],
  "dropped_mi_columns": [
    "ACK Flag Count",
    "Active Mean",
    "Active Std",
    "Active Max",
    "Idle Mean",
    "Idle Std",
    "Idle Min"
  ]
}