{
  "type": "logistic_regression",
  "n_models": 3,
  "coefficients": [
    -1.4507773610253512,
    14.2069486324836,
    1.4928124146549517
  ],
  "intercept": -3.366260157834922,
  "threshold": 0.32517587939698495,
  "model_names": [
    "isolation_forest",
    "autoencoder",
    "one_class_svm"
  ],
  "optimized": true,
  "ensemble_result": {
    "coefficients": [
      -1.4507773610253512,
      14.2069486324836,
      1.4928124146549517
    ],
    "intercept": -3.366260157834922,
    "threshold": 0.32517587939698495,
    "best_metric_value": 0.9712326719962792,
    "metric_name": "macro_fbeta_b0.5"
  }
}